Date,Channel,Format,Pillar,Hook / copy angle,Featured SKU(s),CTA / mechanic
2026-10-05,IG/FB Story,Story poll,Deals,"SETUP DAY. Warehouse shoot (hero units, serial plates, power-on clips). Tonight: 'Thanksgiving is a week out. Is your oven ready?' poll.",—,Turn on post notifications
2026-10-06,IG + FB,Reel,Deal,"'Two ovens. One turkey. One everything else.' KitchenAid 30in double-oven range, $2,159.99 vs $3,599.99 retail (40% off). DROP OF THE WEEK #1.",RS-0608-069,Shop link; HOST75 shown in caption
2026-10-06,Email #1,Email,Deal,"Thanksgiving Hosting Sale: HOST75 ($75 off $750+), 6 hero units, ends Mon night.","RS-0608-069, S-ORD115896-025/026, 7405738040-053",Shop the sale (consented list only)
2026-10-06,Google Business,GBP post,Local,Hosting-week offer + pickup hours (10-8) + Pickering address.,—,Call / Get directions
2026-10-07,IG + FB,Carousel,Education,Range sizing: 24 vs 30 vs 36 in. Which one fits your kitchen? Slide per size with a real unit.,"S-ORD115896-025 (24in $909.99), 7405738040-053 (30in gas $765.09), SS-12345678-018 (36in Fulgor)",Save this post; shop ranges
2026-10-08,IG + FB (+TikTok if live),Reel,Warehouse,"'What 'tested & working' actually means.' Unit powered on, serial plate, tester explains the checks. One-year warranty on screen.",Any dishwasher e.g. S-ORD115896-010,Shop dishwashers
2026-10-08,Google Business,GBP post,Local,Dishwasher + cooktop picks for holiday cooking.,S-ORD115896-003..006 (Electrolux 24in cooktop x4),Shop
2026-10-09,IG + FB,Carousel,Deal,"FRIDGE FRIDAY #1: 'Fridges under $1,000'. GE refurb French door $638 (was $1,994), Whirlpool 33in SBS $712 (two), Hisense $839.99, Frigidaire SBS refurb $847.50.","SS-114239-015, SS-113652-069/070, SS-117082-015, SS-11236-017",Shop fridges
2026-10-10,IG Story + FB,Story / video,Warehouse,"Saturday walk-through: racking, lanes, 'this is what 139 one-of-a-kind units looks like'. Hours 10-8.",—,Visit us: 1135 Squires Beach Rd
2026-10-11,IG + FB,Static + Story,Deal,LAST CALL: Hosting sale ends tomorrow. Countdown sticker.,—,HOST75
2026-10-12,IG + FB,Static,Seasonal,Happy Thanksgiving from the Bargain Bay crew. No hard sell. (Confirm holiday hours first.),—,—
2026-10-13,IG + FB,Reel,Deal,"DRYER WEEK opens: 23 dryers. Lead with the Samsung Bespoke in Forest Green, $999 vs $1,849.95. DROP OF THE WEEK #2 (Maytag front-load).","SS-114238-027, RS-0608-046/047/048",Shop dryers; LAUNDRY100 in caption
2026-10-13,Email #2,Email,Deal,"Laundry Week: LAUNDRY100 ($100 off $1,000+). Pairs list.",see Oct 14,Shop laundry
2026-10-14,IG + FB,Carousel,Deal,"Washer + dryer PAIRS: Midea top-load pair ~$906, Electrolux washer + LG dryer ~$1,473, etc. 'Matching' is a bonus, not a rule.","PS-INV117278-003, PS-INV117226-001, S-ORD115896-017, S-ORD115896-031",Shop laundry
2026-10-15,IG + FB (+TikTok),Reel,Humour,"'Laundry pedestal math': Electrolux pedestal, $100.10, five available, instant storage drawer.",7405738040-057..061,Shop pedestals
2026-10-15,Google Business,GBP post,Local,"Dryer week. Under $350 Amana front-load, two available.",RS-0608-026/029,Shop
2026-10-16,IG + FB,Carousel,Education,"FRIDGE FRIDAY #2: Counter-depth explained. Hisense 4-door CD x3 at $839.99, Frigidaire CD SBS $1,396.50.","SS-117082-015/016/017, 7405738040-045",Shop counter-depth
2026-10-17,IG Story + FB,Story,Proof,Customer delivery photo (ask permission) + Google review QR ask. 'Delivered in Scarborough yesterday.',—,Leave a review
2026-10-18,IG Story,Story Q&A,Community,'Ask the warehouse': questions box. Answer 5 live on Monday.,—,Send a question
2026-10-19,IG + FB,Reel,Deal,"DROP OF THE WEEK #3: Frigidaire 30in 5-burner gas range, $765.09 now. Laundry week last call.",7405738040-053,Shop
2026-10-19,IG + FB,Static,Seasonal,Diwali launch: 'A new appliance for a new season.' Wording reviewed by a Tamil/Hindi/Punjabi-speaking crew member first. DIWALI150 live.,—,"DIWALI150 ($150 off $1,500+)"
2026-10-20,Email #3,Email,Deal,"Diwali/Navratri season sale: DIWALI150 through Nov 8. Fridges, ranges, dishwashers.","SS-114238-011, 7405738040-046, RS-0608-091",Shop the sale
2026-10-20,IG + FB,Static,Seasonal,Navratri/Dussehra greeting. No sales language (verify the date with the crew).,—,—
2026-10-21,IG + FB,Reel,Deal,"TRADE WEEK: 'Landlord? Flipper? Contractor?' Member pricing on every unit, one-time approval.",Hisense/Midea multi-unit lots,Apply for member pricing
2026-10-22,IG + FB,Carousel,Deal,"'Outfit a 3-unit building in one trip': 3 Hisense CD fridges, 3 Maytag front-load dryers, 4 Electrolux cooktops, 4 Midea 18cu fridges.","SS-117082-015/016/017, RS-0608-046/047/048, S-ORD115896-003..006",Member application
2026-10-23,IG + FB,Carousel,Deal,"FRIDGE FRIDAY #3: Top-freezers under $850. Frigidaire 28in x3 at $555.09, Whirlpool 14.3cu $717.","7405738040-022/023/024, RS-0608-094",Shop
2026-10-24,IG + FB,Reel,Proof,Power-on + serial-plate clip for a unit going out today. 'We show the plate because we check the plate.',any,Shop
2026-10-25,IG + FB,Static + Story,Urgency,'Dhanteras is Nov 6. Delivery slots go first.' Only post once dispatch confirms capacity.,—,Book delivery early
2026-10-26,IG + FB,Reel,Deal,"LUXURY SHOWCASE: Bertazzoni 48in induction range $7,799.40 vs $12,999 (40% off). DROP OF THE WEEK #4 on a TV: Samsung 65in OLED.","SS-12345678-022, SS-116480-031",Shop
2026-10-26,Email #4,Email,List-building,"Black Friday EARLY ACCESS list. Unticked opt-in; explain what they get (48h head start, first look at the TV drop).",—,Join early access
2026-10-27,IG + FB,Reel,Deal,"'Black Friday TVs, but each one is a one-off': Sony Bravia 3 65in $782.40, Sony 65in 4K $1,465.10, Samsung 65in OLED.",SS-116480-051/052/031,Shop TVs
2026-10-28,IG + FB,Carousel,Education,"Buying open-box / refurbished: 6 things to check, and what our one-year warranty covers.",—,Save; shop refurbished
2026-10-29,IG + FB,Reel,Seasonal,Halloween teaser: 'Scary prices. Nothing scary inside.' Countdown to Friday 5pm. Code stays SECRET until then.,—,Turn on notifications
2026-10-30,IG + FB + Email #5 + SMS #1,Story run + feed,Deal,31-HOUR FLASH opens 5pm: BOO31 ($31 off $500+) plus the aged units already on /clearance. FRIDGE FRIDAY #4 folded in.,/clearance units,BOO31
2026-10-31,IG + FB,Stories every 3h,Deal,"Team in costume, final hours, 'ends midnight', Black Friday list closes tonight.",—,BOO31
